mike,michael
mick,michael
bill,william
will,william
billy,william
bob,robert
rob,robert
bobby,robert
robbie,robert
dick,richard
rick,richard
rich,richard
ricky,richard
jim,james
jimmy,james
jamie,james
joe,joseph
joey,joseph
jack,john
johnny,john
jon,john
tom,thomas
tommy,thomas
dave,david
dan,daniel
danny,daniel
chris,christopher
steve,steven
steve,stephen
steven,stephen
ted,edward
ed,edward
eddie,edward
ned,edward
tim,timothy
tony,anthony
andy,andrew
drew,andrew
matt,matthew
nick,nicholas
pat,patrick
pat,patricia
patty,patricia
liz,elizabeth
beth,elizabeth
betty,elizabeth
lisa,elizabeth
kate,katherine
kate,catherine
katie,katherine
katie,catherine
kathy,katherine
cathy,catherine
kathleen,katherine
sue,susan
suzy,susan
debbie,deborah
deb,deborah
jen,jennifer
jenny,jennifer
jenn,jennifer
becky,rebecca
barb,barbara
cindy,cynthia
jerry,gerald
jerry,jerome
gerry,gerald
greg,gregory
jeff,jeffrey
geoff,geoffrey
larry,lawrence
ken,kenneth
kenny,kenneth
ron,ronald
ronnie,ronald
don,donald
donnie,donald
walt,walter
hank,henry
harry,harold
fred,frederick
freddie,frederick
charlie,charles
chuck,charles
chip,charles
al,albert
al,alan
alex,alexander
sandy,sandra
sam,samuel
ben,benjamin
benny,benjamin
josh,joshua
zach,zachary
zack,zachary
nate,nathan
nate,nathaniel
phil,philip
phil,phillip
pete,peter
rod,rodney
randy,randall
ray,raymond
tina,christina
vicky,victoria
abby,abigail
maggie,margaret
peggy,margaret
meg,margaret
marge,margaret
molly,mary
polly,mary
cathy,kathleen
mitch,mitchell
mo,maurice
russ,russell
stan,stanley
terry,terrence
terri,teresa
trey,william
wes,wesley
ro,rohit
ami,amerish
gabe,gabriel
val,valerie
lizzie,elizabeth
lucy,lucia
al,alexander
jake,john
ted,theodore
lou,luis
terri,terrycina
